pid,name,period,assists,score,kills,averageScorePerKill,deaths,averageScorePerLife,completed,opponentsDefeated,efficiency,killsDeathsRatio,killsDeathsAssists,activityDurationSeconds,standing,team,completionReason,fireteamId,startSeconds,timePlayedSeconds,playerCount,teamScore
4611686018434775199,Kyle_lks,2019-08-18T07:20:44Z,3.0,13.0,10.0,1.3,18.0,0.6842105263157895,1.0,13.0,0.7222222222222222,0.5555555555555556,0.6388888888888888,742.0,1.0,18.0,1.0,-7.574281587407598e+18,6.0,736.0,12.0,64.0
4611686018434775199,Kyle_lks,2019-08-18T06:55:52Z,1.0,13.0,12.0,1.0833333333333333,15.0,0.8125,1.0,13.0,0.8666666666666667,0.8,0.8333333333333334,711.0,1.0,17.0,1.0,-7.574281587407598e+18,7.0,704.0,13.0,71.0
4611686018434775199,Kyle_lks,2019-08-18T06:43:07Z,2.0,10.0,7.0,1.4285714285714286,14.0,0.6666666666666666,1.0,9.0,0.6428571428571429,0.5,0.5714285714285714,629.0,1.0,17.0,0.0,-7.574281587407598e+18,0.0,629.0,12.0,54.0
4611686018434775199,Kyle_lks,2019-08-18T06:31:21Z,5.0,21.0,7.0,3.0,15.0,1.3125,1.0,12.0,0.8,0.4666666666666667,0.6333333333333333,608.0,1.0,18.0,0.0,-7.574281587407598e+18,7.0,601.0,12.0,91.0
4611686018434775199,Kyle_lks,2019-08-18T06:17:57Z,1.0,9.0,8.0,1.125,20.0,0.42857142857142855,1.0,9.0,0.45,0.4,0.425,708.0,1.0,17.0,0.0,-7.574281587407598e+18,7.0,701.0,13.0,62.0
4611686018434775199,Kyle_lks,2019-08-18T04:36:26Z,7.0,20.0,13.0,1.5384615384615385,14.0,1.3333333333333333,1.0,20.0,1.4285714285714286,0.9285714285714286,1.1785714285714286,715.0,1.0,18.0,1.0,-2.298958602677205e+18,11.0,704.0,13.0,71.0
4611686018434775199,Kyle_lks,2019-08-18T04:23:38Z,2.0,25.0,10.0,2.5,9.0,2.5,1.0,12.0,1.3333333333333333,1.1111111111111112,1.2222222222222223,579.0,0.0,17.0,0.0,-2.298958602677205e+18,6.0,573.0,12.0,152.0
4611686018434775199,Kyle_lks,2019-08-17T15:25:41Z,4.0,30.0,14.0,2.142857142857143,14.0,2.0,1.0,18.0,1.2857142857142858,1.0,1.1428571428571428,587.0,1.0,18.0,0.0,3.709650458175785e+18,0.0,587.0,12.0,103.0
4611686018434775199,Kyle_lks,2019-08-17T15:11:23Z,5.0,18.0,13.0,1.3846153846153846,13.0,1.2857142857142858,1.0,18.0,1.3846153846153846,1.0,1.1923076923076923,736.0,0.0,17.0,1.0,3.709650458175785e+18,6.0,730.0,12.0,98.0
4611686018434775199,Kyle_lks,2019-08-17T14:56:41Z,5.0,24.0,10.0,2.4,17.0,1.3333333333333333,1.0,15.0,0.8823529411764706,0.5882352941176471,0.7352941176470589,782.0,1.0,17.0,1.0,3.709650458175785e+18,13.0,769.0,13.0,95.0
4611686018434775199,Kyle_lks,2019-08-17T13:41:06Z,0.0,3.0,0.0,3.0,8.0,0.3333333333333333,1.0,0.0,0.0,0.0,0.0,369.0,1.0,17.0,4.0,3.709650458175785e+18,0.0,369.0,12.0,33.0
4611686018434775199,Kyle_lks,2019-08-17T08:39:43Z,3.0,35.0,16.0,2.1875,13.0,2.5,1.0,19.0,1.4615384615384615,1.2307692307692308,1.3461538461538463,731.0,0.0,17.0,1.0,-3.0236388101558415e+18,12.0,719.0,14.0,129.0
4611686018434775199,Kyle_lks,2019-08-17T08:16:24Z,0.0,2.0,0.0,2.0,10.0,0.18181818181818182,1.0,0.0,0.0,0.0,0.0,372.0,1.0,18.0,4.0,-3.0236388101558415e+18,9.0,363.0,12.0,20.0
4611686018434775199,Kyle_lks,2019-08-17T07:59:14Z,5.0,11.0,6.0,1.8333333333333333,16.0,0.6470588235294118,1.0,11.0,0.6875,0.375,0.53125,736.0,1.0,17.0,1.0,-3.0236388101558415e+18,14.0,722.0,12.0,49.0
4611686018434775199,Kyle_lks,2019-08-17T07:30:56Z,0.0,0.0,0.0,0.0,0.0,0.0,0.0,0.0,0.0,0.0,0.0,636.0,1.0,17.0,0.0,-3.0236388101558415e+18,8.0,148.0,14.0,77.0
4611686018434775199,Kyle_lks,2019-08-17T07:17:08Z,4.0,40.0,17.0,2.3529411764705883,12.0,3.076923076923077,1.0,21.0,1.75,1.4166666666666667,1.5833333333333333,681.0,0.0,17.0,0.0,-3.0236388101558415e+18,10.0,671.0,13.0,151.0
4611686018434775199,Kyle_lks,2019-08-16T15:18:29Z,7.0,19.0,12.0,1.5833333333333333,14.0,1.2666666666666666,1.0,19.0,1.3571428571428572,0.8571428571428571,1.1071428571428572,717.0,1.0,18.0,0.0,-5.2994775186017344e+17,8.0,709.0,12.0,74.0
4611686018434775199,Kyle_lks,2019-08-16T15:05:33Z,6.0,22.0,10.0,2.2,14.0,1.4666666666666666,1.0,16.0,1.1428571428571428,0.7142857142857143,0.9285714285714286,641.0,1.0,18.0,0.0,-5.2994775186017344e+17,8.0,633.0,12.0,84.0
4611686018434775199,Kyle_lks,2019-08-16T14:50:53Z,5.0,14.0,9.0,1.5555555555555556,16.0,0.8235294117647058,1.0,14.0,0.875,0.5625,0.71875,753.0,1.0,18.0,1.0,-5.2994775186017344e+17,6.0,747.0,12.0,84.0
4611686018434775199,Kyle_lks,2019-08-16T14:43:30Z,0.0,3.0,1.0,3.0,9.0,0.3,1.0,1.0,0.1111111111111111,0.1111111111111111,0.1111111111111111,351.0,1.0,17.0,4.0,-5.2994775186017344e+17,9.0,342.0,14.0,9.0
4611686018434775199,Kyle_lks,2019-08-16T10:07:46Z,4.0,5.0,1.0,5.0,15.0,0.3125,0.0,5.0,0.3333333333333333,0.06666666666666667,0.2,738.0,1.0,18.0,1.0,-8.727588924580763e+17,11.0,554.0,12.0,58.0
4611686018434775199,Kyle_lks,2019-08-16T09:54:21Z,6.0,13.0,7.0,1.8571428571428572,15.0,0.8125,1.0,13.0,0.8666666666666667,0.4666666666666667,0.6666666666666666,704.0,1.0,17.0,1.0,-8.727588924580763e+17,7.0,697.0,14.0,69.0
4611686018434775199,Kyle_lks,2019-08-16T09:39:30Z,7.0,25.0,7.0,3.5714285714285716,17.0,1.3888888888888888,1.0,14.0,0.8235294117647058,0.4117647058823529,0.6176470588235294,758.0,0.0,18.0,0.0,-8.727588924580763e+17,7.0,751.0,12.0,150.0
4611686018434775199,Kyle_lks,2019-08-16T04:54:29Z,5.0,16.0,11.0,1.4545454545454546,12.0,1.2307692307692308,1.0,16.0,1.3333333333333333,0.9166666666666666,1.125,758.0,0.0,18.0,1.0,-5.082243822771057e+18,11.0,747.0,13.0,77.0
4611686018434775199,Kyle_lks,2019-08-16T04:40:16Z,2.0,17.0,5.0,3.4,16.0,1.0,1.0,7.0,0.4375,0.3125,0.375,725.0,1.0,17.0,1.0,-5.082243822771057e+18,10.0,715.0,12.0,119.0
4611686018434775199,Kyle_lks,2019-08-16T04:19:23Z,4.0,13.0,9.0,1.4444444444444444,11.0,1.0833333333333333,1.0,13.0,1.1818181818181819,0.8181818181818182,1.0,735.0,1.0,18.0,1.0,-5.082243822771057e+18,12.0,723.0,12.0,57.0
4611686018434775199,Kyle_lks,2019-08-16T04:04:11Z,11.0,22.0,11.0,2.0,15.0,1.375,1.0,22.0,1.4666666666666666,0.7333333333333333,1.1,758.0,1.0,18.0,1.0,-5.082243822771057e+18,9.0,749.0,12.0,88.0
4611686018434775199,Kyle_lks,2019-08-15T14:49:34Z,5.0,21.0,11.0,1.9090909090909092,19.0,1.05,1.0,16.0,0.8421052631578947,0.5789473684210527,0.7105263157894737,570.0,1.0,17.0,0.0,-2.273259166857187e+18,7.0,563.0,12.0,101.0
4611686018434775199,Kyle_lks,2019-08-15T14:42:44Z,1.0,4.0,0.0,4.0,4.0,0.8,0.0,1.0,0.25,0.0,0.125,344.0,1.0,18.0,4.0,-2.273259166857187e+18,7.0,256.0,13.0,12.0
4611686018434775199,Kyle_lks,2019-08-15T14:28:26Z,1.0,15.0,14.0,1.0714285714285714,17.0,0.8333333333333334,1.0,15.0,0.8823529411764706,0.8235294117647058,0.8529411764705882,748.0,1.0,17.0,1.0,-2.273259166857187e+18,8.0,740.0,14.0,67.0
4611686018434775199,Kyle_lks,2019-08-15T14:22:58Z,0.0,1.0,1.0,1.0,5.0,0.16666666666666666,0.0,1.0,0.2,0.2,0.2,587.0,5.0,19.0,0.0,-2.273259166857187e+18,2.0,238.0,6.0,1.0
4611686018434775199,Kyle_lks,2019-08-15T13:53:14Z,4.0,26.0,9.0,2.888888888888889,19.0,1.3,1.0,13.0,0.6842105263157895,0.47368421052631576,0.5789473684210527,734.0,0.0,17.0,1.0,-2.273259166857187e+18,7.0,727.0,12.0,143.0
4611686018434775199,Kyle_lks,2019-08-15T13:38:53Z,6.0,18.0,12.0,1.5,14.0,1.2,1.0,18.0,1.2857142857142858,0.8571428571428571,1.0714285714285714,708.0,1.0,18.0,0.0,-2.273259166857187e+18,7.0,701.0,12.0,76.0
4611686018434775199,Kyle_lks,2019-08-15T06:53:34Z,3.0,9.0,6.0,1.5,13.0,0.6428571428571429,0.0,9.0,0.6923076923076923,0.46153846153846156,0.5769230769230769,755.0,0.0,18.0,1.0,-6.75394817872497e+18,6.0,682.0,12.0,95.0
4611686018434775199,Kyle_lks,2019-08-14T16:01:00Z,5.0,19.0,14.0,1.3571428571428572,12.0,1.4615384615384615,1.0,19.0,1.5833333333333333,1.1666666666666667,1.375,727.0,0.0,17.0,1.0,8.890147727672208e+18,7.0,720.0,12.0,99.0
4611686018434775199,Kyle_lks,2019-08-14T15:27:45Z,5.0,19.0,14.0,1.3571428571428572,9.0,1.9,1.0,19.0,2.111111111111111,1.5555555555555556,1.8333333333333333,701.0,0.0,18.0,0.0,-2.5309798218706376e+18,8.0,693.0,12.0,100.0
4611686018434775199,Kyle_lks,2019-08-14T15:21:07Z,0.0,0.0,0.0,0.0,0.0,0.0,0.0,0.0,0.0,0.0,0.0,708.0,0.0,-1.0,0.0,0.0,5.0,137.0,14.0,0.0
4611686018434775199,Kyle_lks,2019-08-14T15:08:53Z,5.0,42.0,19.0,2.210526315789474,15.0,2.625,1.0,24.0,1.6,1.2666666666666666,1.4333333333333333,679.0,1.0,18.0,0.0,-2.5309798218706376e+18,9.0,670.0,12.0,124.0
4611686018434775199,Kyle_lks,2019-08-14T14:54:15Z,4.0,11.0,2.0,5.5,9.0,1.1,0.0,6.0,0.6666666666666666,0.2222222222222222,0.4444444444444444,694.0,1.0,17.0,0.0,-6.759012156967082e+18,13.0,416.0,12.0,72.0
4611686018434775199,Kyle_lks,2019-08-14T13:46:32Z,2.0,16.0,14.0,1.1428571428571428,20.0,0.7619047619047619,1.0,16.0,0.8,0.7,0.75,737.0,1.0,17.0,1.0,6.182569487415002e+18,9.0,728.0,12.0,73.0
4611686018434775199,Kyle_lks,2019-08-14T13:33:16Z,6.0,32.0,13.0,2.4615384615384617,15.0,2.0,1.0,19.0,1.2666666666666666,0.8666666666666667,1.0666666666666667,712.0,1.0,17.0,0.0,6.182569487415002e+18,7.0,705.0,12.0,120.0
4611686018434775199,Kyle_lks,2019-08-14T13:18:49Z,2.0,13.0,11.0,1.1818181818181819,11.0,1.0833333333333333,1.0,13.0,1.1818181818181819,1.0,1.0909090909090908,717.0,1.0,17.0,1.0,6.182569487415002e+18,237.0,480.0,15.0,47.0
4611686018434775199,Kyle_lks,2019-08-14T13:04:55Z,1.0,11.0,10.0,1.1,19.0,0.55,1.0,11.0,0.5789473684210527,0.5263157894736842,0.5526315789473685,724.0,1.0,17.0,1.0,6.182569487415002e+18,9.0,715.0,12.0,68.0
4611686018434775199,Kyle_lks,2019-08-14T12:51:12Z,7.0,31.0,10.0,3.1,18.0,1.631578947368421,1.0,17.0,0.9444444444444444,0.5555555555555556,0.75,743.0,1.0,18.0,1.0,6.182569487415002e+18,7.0,736.0,12.0,130.0
4611686018434775199,Kyle_lks,2019-08-14T12:39:32Z,2.0,10.0,5.0,2.0,17.0,0.5555555555555556,1.0,7.0,0.4117647058823529,0.29411764705882354,0.35294117647058826,590.0,1.0,18.0,0.0,6.182569487415002e+18,0.0,590.0,13.0,84.0
4611686018434775199,Kyle_lks,2019-08-14T12:29:43Z,0.0,2.0,1.0,2.0,0.0,2.0,1.0,1.0,1.0,1.0,1.0,465.0,1.0,18.0,4.0,6.182569487415002e+18,371.0,94.0,13.0,28.0
4611686018434775199,Kyle_lks,2019-08-14T11:48:20Z,4.0,16.0,6.0,2.6666666666666665,14.0,1.0666666666666667,0.0,10.0,0.7142857142857143,0.42857142857142855,0.5714285714285714,683.0,0.0,18.0,0.0,6.182569487415002e+18,6.0,643.0,12.0,150.0
4611686018434775199,Kyle_lks,2019-08-14T11:32:49Z,2.0,5.0,1.0,5.0,5.0,0.8333333333333334,1.0,3.0,0.6,0.2,0.4,748.0,1.0,17.0,1.0,6.182569487415002e+18,517.0,231.0,13.0,90.0
4611686018434775199,Kyle_lks,2019-08-14T11:26:36Z,1.0,7.0,6.0,1.1666666666666667,15.0,0.4375,1.0,7.0,0.4666666666666667,0.4,0.43333333333333335,779.0,1.0,17.0,1.0,6.182569487415002e+18,8.0,771.0,12.0,64.0
4611686018434775199,Kyle_lks,2019-08-14T10:53:08Z,5.0,35.0,13.0,2.6923076923076925,12.0,2.6923076923076925,1.0,18.0,1.5,1.0833333333333333,1.2916666666666667,730.0,0.0,17.0,0.0,6.182569487415002e+18,7.0,723.0,12.0,151.0
4611686018434775199,Kyle_lks,2019-08-14T10:38:18Z,8.0,32.0,10.0,3.2,13.0,2.2857142857142856,1.0,18.0,1.3846153846153846,0.7692307692307693,1.0769230769230769,771.0,0.0,18.0,1.0,6.182569487415002e+18,8.0,763.0,12.0,129.0
4611686018434775199,Kyle_lks,2019-08-14T10:23:50Z,6.0,29.0,12.0,2.4166666666666665,16.0,1.7058823529411764,1.0,18.0,1.125,0.75,0.9375,744.0,0.0,18.0,1.0,6.182569487415002e+18,8.0,736.0,12.0,135.0
4611686018434775199,Kyle_lks,2019-08-14T10:12:47Z,0.0,5.0,5.0,1.0,11.0,0.4166666666666667,1.0,5.0,0.45454545454545453,0.45454545454545453,0.45454545454545453,543.0,1.0,18.0,0.0,6.182569487415002e+18,167.0,376.0,12.0,55.0
4611686018434775199,Kyle_lks,2019-08-14T09:56:12Z,3.0,15.0,9.0,1.6666666666666667,17.0,0.8333333333333334,1.0,12.0,0.7058823529411765,0.5294117647058824,0.6176470588235294,758.0,1.0,18.0,1.0,6.182569487415002e+18,9.0,749.0,12.0,80.0
4611686018434775199,Kyle_lks,2019-08-14T04:04:55Z,0.0,0.0,0.0,0.0,0.0,0.0,1.0,0.0,0.0,0.0,0.0,80.0,0.0,18.0,3.0,-8.19485629947238e+18,3.0,77.0,4.0,0.0
4611686018434775199,Kyle_lks,2019-08-14T04:00:34Z,0.0,0.0,0.0,0.0,0.0,0.0,1.0,0.0,0.0,0.0,0.0,72.0,0.0,18.0,3.0,-8.19485629947238e+18,3.0,69.0,4.0,0.0
4611686018434775199,Kyle_lks,2019-08-14T03:33:19Z,0.0,18.0,18.0,1.0,13.0,1.2857142857142858,1.0,18.0,1.3846153846153846,1.3846153846153846,1.3846153846153846,629.0,0.0,18.0,0.0,-3.888000185838937e+18,3.0,626.0,8.0,75.0
4611686018434775199,Kyle_lks,2019-08-14T03:13:41Z,0.0,4.0,24.0,0.16666666666666666,17.0,0.2222222222222222,1.0,24.0,1.411764705882353,1.411764705882353,1.411764705882353,850.0,0.0,18.0,0.0,-3.888000185838937e+18,5.0,845.0,8.0,4.0
4611686018434775199,Kyle_lks,2019-08-14T03:03:52Z,0.0,0.0,0.0,0.0,0.0,0.0,1.0,0.0,0.0,0.0,0.0,62.0,0.0,18.0,3.0,-3.888000185838937e+18,3.0,59.0,4.0,0.0
4611686018434775199,Kyle_lks,2019-08-14T02:46:21Z,0.0,21.0,21.0,1.0,11.0,1.75,1.0,21.0,1.9090909090909092,1.9090909090909092,1.9090909090909092,693.0,0.0,17.0,1.0,-3.888000185838937e+18,3.0,690.0,8.0,87.0
4611686018434775199,Kyle_lks,2019-08-14T02:20:53Z,0.0,30.0,30.0,1.0,14.0,2.0,1.0,30.0,2.142857142857143,2.142857142857143,2.142857142857143,678.0,0.0,18.0,1.0,-3.888000185838937e+18,4.0,674.0,8.0,74.0
4611686018434775199,Kyle_lks,2019-08-14T01:58:33Z,1.0,24.0,21.0,1.1428571428571428,14.0,1.6,1.0,22.0,1.5714285714285714,1.5,1.5357142857142858,681.0,0.0,17.0,1.0,-3.888000185838937e+18,3.0,678.0,8.0,93.0
4611686018434775199,Kyle_lks,2019-08-14T01:34:54Z,0.0,6.0,17.0,0.35294117647058826,17.0,0.3333333333333333,1.0,17.0,1.0,1.0,1.0,1151.0,0.0,18.0,0.0,-3.888000185838937e+18,3.0,1148.0,8.0,6.0
4611686018434775199,Kyle_lks,2019-08-14T01:31:22Z,0.0,0.0,0.0,0.0,0.0,0.0,1.0,0.0,0.0,0.0,0.0,69.0,0.0,18.0,3.0,-3.888000185838937e+18,3.0,66.0,4.0,0.0
4611686018434775199,Kyle_lks,2019-08-14T01:28:49Z,0.0,0.0,0.0,0.0,0.0,0.0,1.0,0.0,0.0,0.0,0.0,67.0,0.0,17.0,3.0,-3.888000185838937e+18,3.0,64.0,4.0,0.0
4611686018434775199,Kyle_lks,2019-08-14T00:49:35Z,10.0,30.0,5.0,6.0,15.0,1.875,1.0,15.0,1.0,0.3333333333333333,0.6666666666666666,493.0,0.0,18.0,0.0,-3.888000185838937e+18,3.0,490.0,8.0,100.0
4611686018434775199,Kyle_lks,2019-08-14T00:41:49Z,4.0,6.0,4.0,1.5,2.0,2.0,1.0,8.0,4.0,2.0,3.0,373.0,0.0,17.0,0.0,-3.888000185838937e+18,18.0,355.0,8.0,6.0
4611686018434775199,Kyle_lks,2019-08-13T23:44:41Z,8.0,4.0,5.0,0.8,12.0,0.3076923076923077,1.0,13.0,1.0833333333333333,0.4166666666666667,0.75,830.0,0.0,17.0,0.0,-3.888000185838937e+18,5.0,825.0,8.0,4.0
4611686018434775199,Kyle_lks,2019-08-13T23:31:59Z,12.0,22.0,10.0,2.2,16.0,1.2941176470588236,1.0,22.0,1.375,0.625,1.0,715.0,0.0,18.0,0.0,-3.888000185838937e+18,3.0,712.0,8.0,75.0
4611686018434775199,Kyle_lks,2019-08-13T23:20:35Z,7.0,4.0,9.0,0.4444444444444444,6.0,0.5714285714285714,1.0,16.0,2.6666666666666665,1.5,2.0833333333333335,611.0,0.0,17.0,0.0,-3.888000185838937e+18,2.0,609.0,8.0,4.0
4611686018434775199,Kyle_lks,2019-08-13T23:07:39Z,4.0,4.0,8.0,0.5,8.0,0.4444444444444444,1.0,12.0,1.5,1.0,1.25,658.0,0.0,18.0,0.0,-3.888000185838937e+18,5.0,653.0,8.0,4.0
4611686018434775199,Kyle_lks,2019-08-13T23:01:06Z,6.0,34.0,8.0,4.25,2.0,11.333333333333334,1.0,14.0,7.0,4.0,5.5,306.0,0.0,18.0,0.0,-3.888000185838937e+18,5.0,301.0,8.0,100.0
4611686018434775199,Kyle_lks,2019-08-13T22:47:34Z,4.0,4.0,4.0,1.0,9.0,0.4,1.0,8.0,0.8888888888888888,0.4444444444444444,0.6666666666666666,677.0,1.0,17.0,0.0,-3.888000185838937e+18,2.0,675.0,8.0,4.0
4611686018434775199,Kyle_lks,2019-08-13T22:37:02Z,9.0,20.0,11.0,1.8181818181818181,6.0,2.857142857142857,1.0,20.0,3.3333333333333335,1.8333333333333333,2.5833333333333335,551.0,0.0,18.0,0.0,-3.888000185838937e+18,2.0,549.0,8.0,75.0
4611686018434775199,Kyle_lks,2019-08-13T22:06:01Z,5.0,16.0,11.0,1.4545454545454546,14.0,1.0666666666666667,1.0,16.0,1.1428571428571428,0.7857142857142857,0.9642857142857143,736.0,1.0,17.0,1.0,-3.888000185838937e+18,2.0,734.0,8.0,66.0
4611686018434775199,Kyle_lks,2019-08-13T16:37:33Z,5.0,19.0,14.0,1.3571428571428572,17.0,1.0555555555555556,1.0,19.0,1.1176470588235294,0.8235294117647058,0.9705882352941176,689.0,0.0,18.0,0.0,1.7087167425088765e+18,5.0,684.0,8.0,75.0
4611686018434775199,Kyle_lks,2019-08-13T16:23:12Z,5.0,13.0,8.0,1.625,13.0,0.9285714285714286,1.0,13.0,1.0,0.6153846153846154,0.8076923076923077,690.0,0.0,17.0,0.0,1.7087167425088765e+18,5.0,685.0,8.0,75.0
4611686018434775199,Kyle_lks,2019-08-13T16:09:40Z,6.0,4.0,5.0,0.8,7.0,0.5,1.0,11.0,1.5714285714285714,0.7142857142857143,1.1428571428571428,565.0,0.0,18.0,0.0,1.7087167425088765e+18,5.0,560.0,8.0,4.0
4611686018434775199,Kyle_lks,2019-08-13T15:57:41Z,3.0,6.0,8.0,0.75,6.0,0.8571428571428571,1.0,11.0,1.8333333333333333,1.3333333333333333,1.5833333333333333,553.0,0.0,18.0,0.0,1.7087167425088765e+18,5.0,548.0,8.0,6.0
4611686018434775199,Kyle_lks,2019-08-13T15:37:11Z,2.0,6.0,2.0,3.0,5.0,1.0,1.0,4.0,0.8,0.4,0.6,581.0,0.0,17.0,0.0,1.7087167425088765e+18,5.0,576.0,8.0,6.0
4611686018434775199,Kyle_lks,2019-08-13T15:22:45Z,8.0,36.0,16.0,2.25,10.0,3.272727272727273,1.0,24.0,2.4,1.6,2.0,596.0,0.0,18.0,0.0,-7.589719526032504e+18,5.0,591.0,8.0,100.0
4611686018434775199,Kyle_lks,2019-08-13T15:10:47Z,7.0,36.0,14.0,2.5714285714285716,11.0,3.0,1.0,21.0,1.9090909090909092,1.2727272727272727,1.5909090909090908,568.0,0.0,17.0,0.0,-7.589719526032504e+18,5.0,563.0,8.0,100.0
4611686018434775199,Kyle_lks,2019-08-13T14:53:50Z,10.0,3.0,7.0,0.42857142857142855,13.0,0.21428571428571427,1.0,17.0,1.3076923076923077,0.5384615384615384,0.9230769230769231,789.0,1.0,18.0,0.0,-7.589719526032504e+18,5.0,784.0,8.0,3.0
4611686018434775199,Kyle_lks,2019-08-13T14:41:49Z,0.0,6.0,6.0,1.0,6.0,0.8571428571428571,1.0,6.0,1.0,1.0,1.0,522.0,0.0,17.0,0.0,-7.589719526032504e+18,2.0,520.0,8.0,6.0
4611686018434775199,Kyle_lks,2019-08-13T14:32:23Z,3.0,6.0,8.0,0.75,4.0,1.2,1.0,11.0,2.75,2.0,2.375,475.0,0.0,18.0,0.0,-7.589719526032504e+18,3.0,472.0,8.0,6.0
4611686018434775199,Kyle_lks,2019-08-13T12:54:35Z,4.0,21.0,5.0,4.2,7.0,2.625,1.0,9.0,1.2857142857142858,0.7142857142857143,1.0,414.0,0.0,18.0,0.0,-7.589719526032504e+18,4.0,410.0,8.0,101.0
4611686018434775199,Kyle_lks,2019-08-13T12:45:42Z,5.0,35.0,14.0,2.5,5.0,5.833333333333333,1.0,19.0,3.8,2.8,3.3,413.0,0.0,18.0,0.0,-7.589719526032504e+18,2.0,411.0,8.0,101.0
4611686018434775199,Kyle_lks,2019-08-13T12:24:20Z,3.0,4.0,6.0,0.6666666666666666,6.0,0.5714285714285714,1.0,9.0,1.5,1.0,1.25,606.0,0.0,17.0,0.0,-7.589719526032504e+18,5.0,601.0,8.0,4.0
4611686018434775199,Kyle_lks,2019-08-13T12:11:57Z,5.0,4.0,9.0,0.4444444444444444,2.0,1.3333333333333333,1.0,14.0,7.0,4.5,5.75,531.0,0.0,17.0,0.0,-7.589719526032504e+18,5.0,526.0,8.0,4.0
4611686018434775199,Kyle_lks,2019-08-13T11:58:39Z,5.0,4.0,9.0,0.4444444444444444,10.0,0.36363636363636365,1.0,14.0,1.4,0.9,1.15,640.0,0.0,18.0,0.0,-7.589719526032504e+18,5.0,635.0,8.0,4.0
4611686018434775199,Kyle_lks,2019-08-13T11:46:26Z,3.0,6.0,6.0,1.0,4.0,1.2,1.0,9.0,2.25,1.5,1.875,630.0,0.0,17.0,0.0,-7.589719526032504e+18,2.0,628.0,8.0,6.0
4611686018434775199,Kyle_lks,2019-08-13T10:50:27Z,3.0,4.0,5.0,0.8,8.0,0.4444444444444444,1.0,8.0,1.0,0.625,0.8125,650.0,1.0,17.0,0.0,-7.589719526032504e+18,4.0,646.0,8.0,4.0
4611686018434775199,Kyle_lks,2019-08-13T10:37:35Z,5.0,29.0,15.0,1.9333333333333333,9.0,2.9,1.0,20.0,2.2222222222222223,1.6666666666666667,1.9444444444444444,606.0,0.0,17.0,0.0,-7.589719526032504e+18,3.0,603.0,8.0,101.0
4611686018434775199,Kyle_lks,2019-08-13T10:24:50Z,6.0,37.0,10.0,3.7,9.0,3.7,1.0,16.0,1.7777777777777777,1.1111111111111112,1.4444444444444444,666.0,0.0,18.0,0.0,-7.589719526032504e+18,2.0,664.0,8.0,101.0
4611686018434775199,Kyle_lks,2019-08-13T04:46:07Z,4.0,20.0,16.0,1.25,15.0,1.25,1.0,20.0,1.3333333333333333,1.0666666666666667,1.2,758.0,0.0,17.0,1.0,1.9583950152189606e+17,7.0,751.0,12.0,88.0
4611686018434775199,Kyle_lks,2019-08-13T04:32:27Z,1.0,10.0,9.0,1.1111111111111112,18.0,0.5263157894736842,0.0,10.0,0.5555555555555556,0.5,0.5277777777777778,755.0,1.0,18.0,1.0,1.9583950152189606e+17,12.0,729.0,14.0,69.0
4611686018434775199,Kyle_lks,2019-08-13T04:19:16Z,8.0,20.0,12.0,1.6666666666666667,12.0,1.5384615384615385,1.0,20.0,1.6666666666666667,1.0,1.3333333333333333,658.0,0.0,17.0,0.0,1.9583950152189606e+17,7.0,651.0,12.0,100.0
4611686018434775199,Kyle_lks,2019-08-13T04:06:55Z,2.0,4.0,2.0,2.0,14.0,0.26666666666666666,0.0,4.0,0.2857142857142857,0.14285714285714285,0.21428571428571427,741.0,0.0,18.0,0.0,1.9583950152189606e+17,7.0,587.0,12.0,100.0
4611686018434775199,Kyle_lks,2019-08-13T03:53:19Z,2.0,10.0,8.0,1.25,15.0,0.625,0.0,10.0,0.6666666666666666,0.5333333333333333,0.6,753.0,1.0,17.0,0.0,1.9583950152189606e+17,5.0,575.0,14.0,40.0
4611686018434775199,Kyle_lks,2019-08-13T03:36:51Z,3.0,22.0,8.0,2.75,15.0,1.375,1.0,11.0,0.7333333333333333,0.5333333333333333,0.6333333333333333,713.0,1.0,18.0,0.0,1.9583950152189606e+17,10.0,703.0,12.0,117.0
4611686018434775199,Kyle_lks,2019-08-13T03:22:09Z,4.0,14.0,10.0,1.4,15.0,0.875,1.0,14.0,0.9333333333333333,0.6666666666666666,0.8,727.0,0.0,17.0,1.0,1.9583950152189606e+17,7.0,720.0,12.0,93.0
4611686018434775199,Kyle_lks,2019-08-13T03:09:58Z,7.0,18.0,6.0,3.0,17.0,1.0,1.0,13.0,0.7647058823529411,0.35294117647058826,0.5588235294117647,640.0,1.0,17.0,0.0,1.9583950152189606e+17,6.0,634.0,12.0,96.0
4611686018434775199,Kyle_lks,2019-08-12T20:47:21Z,1.0,6.0,7.0,0.8571428571428571,7.0,0.75,1.0,8.0,1.1428571428571428,1.0,1.0714285714285714,600.0,0.0,18.0,0.0,8.319164573666605e+17,4.0,596.0,8.0,6.0
4611686018434775199,Kyle_lks,2019-08-12T20:37:27Z,6.0,21.0,5.0,4.2,3.0,5.25,1.0,11.0,3.6666666666666665,1.6666666666666667,2.6666666666666665,437.0,0.0,17.0,0.0,8.319164573666605e+17,2.0,435.0,8.0,101.0
4611686018434775199,Kyle_lks,2019-08-12T20:21:02Z,8.0,50.0,12.0,4.166666666666667,8.0,5.555555555555555,1.0,20.0,2.5,1.5,2.0,616.0,0.0,17.0,0.0,8.319164573666605e+17,2.0,614.0,7.0,102.0
4611686018434775199,Kyle_lks,2019-08-12T20:08:04Z,3.0,22.0,11.0,2.0,17.0,1.2222222222222223,1.0,14.0,0.8235294117647058,0.6470588235294118,0.7352941176470589,724.0,1.0,18.0,1.0,8.319164573666605e+17,2.0,722.0,8.0,94.0
4611686018434775199,Kyle_lks,2019-08-12T19:56:54Z,2.0,18.0,10.0,1.8,9.0,1.8,1.0,12.0,1.3333333333333333,1.1111111111111112,1.2222222222222223,597.0,0.0,18.0,0.0,8.319164573666605e+17,2.0,595.0,8.0,100.0
4611686018434775199,Kyle_lks,2019-08-12T19:37:17Z,1.0,4.0,9.0,0.4444444444444444,17.0,0.2222222222222222,1.0,10.0,0.5882352941176471,0.5294117647058824,0.5588235294117647,1040.0,0.0,17.0,0.0,-3.9422886605035853e+18,3.0,1037.0,8.0,4.0
4611686018434775199,Kyle_lks,2019-08-12T19:12:06Z,0.0,6.0,17.0,0.35294117647058826,21.0,0.2727272727272727,1.0,17.0,0.8095238095238095,0.8095238095238095,0.8095238095238095,1176.0,0.0,17.0,0.0,-3.9422886605035853e+18,3.0,1173.0,8.0,6.0
4611686018434775199,Kyle_lks,2019-08-12T18:47:28Z,1.0,4.0,9.0,0.4444444444444444,4.0,0.8,1.0,10.0,2.5,2.25,2.375,513.0,0.0,17.0,0.0,-3.9513967335556434e+18,3.0,510.0,8.0,4.0
4611686018434775199,Kyle_lks,2019-08-12T18:33:45Z,2.0,2.0,14.0,0.14285714285714285,12.0,0.15384615384615385,1.0,16.0,1.3333333333333333,1.1666666666666667,1.25,735.0,1.0,17.0,0.0,-3.9513967335556434e+18,0.0,735.0,8.0,2.0
4611686018434775199,Kyle_lks,2019-08-12T17:42:43Z,3.0,31.0,14.0,2.2142857142857144,12.0,2.3846153846153846,1.0,17.0,1.4166666666666667,1.1666666666666667,1.2916666666666667,675.0,0.0,17.0,1.0,4.485625212671977e+18,4.0,671.0,8.0,85.0
4611686018434775199,Kyle_lks,2019-08-12T17:25:48Z,0.0,4.0,14.0,0.2857142857142857,15.0,0.25,1.0,14.0,0.9333333333333333,0.9333333333333333,0.9333333333333333,896.0,0.0,18.0,0.0,4.485625212671977e+18,3.0,893.0,8.0,4.0
4611686018434775199,Kyle_lks,2019-08-12T17:19:49Z,0.0,0.0,0.0,0.0,0.0,0.0,1.0,0.0,0.0,0.0,0.0,70.0,0.0,17.0,3.0,4.485625212671977e+18,3.0,67.0,4.0,0.0
4611686018434775199,Kyle_lks,2019-08-12T17:16:16Z,0.0,0.0,0.0,0.0,0.0,0.0,1.0,0.0,0.0,0.0,0.0,65.0,0.0,18.0,3.0,4.485625212671977e+18,3.0,62.0,4.0,0.0
4611686018434775199,Kyle_lks,2019-08-12T15:37:02Z,7.0,27.0,12.0,2.25,18.0,1.4210526315789473,1.0,19.0,1.0555555555555556,0.6666666666666666,0.8611111111111112,735.0,0.0,17.0,1.0,-6.763259219504189e+18,8.0,727.0,12.0,140.0
4611686018434775199,Kyle_lks,2019-08-12T15:26:43Z,0.0,3.0,3.0,1.0,8.0,0.3333333333333333,1.0,3.0,0.375,0.375,0.375,545.0,1.0,17.0,0.0,-6.763259219504189e+18,266.0,279.0,13.0,42.0
4611686018434775199,Kyle_lks,2019-08-12T15:26:11Z,0.0,1.0,1.0,1.0,8.0,0.1111111111111111,0.0,1.0,0.125,0.125,0.125,475.0,1.0,18.0,4.0,-6.763259219504189e+18,3.0,234.0,16.0,15.0
4611686018434775199,Kyle_lks,2019-08-12T15:16:21Z,4.0,15.0,2.0,7.5,3.0,3.75,1.0,6.0,2.0,0.6666666666666666,1.3333333333333333,329.0,0.0,18.0,4.0,-6.763259219504189e+18,6.0,323.0,12.0,96.0
4611686018434775199,Kyle_lks,2019-08-12T15:03:15Z,4.0,13.0,1.0,13.0,11.0,1.0833333333333333,1.0,5.0,0.45454545454545453,0.09090909090909091,0.2727272727272727,618.0,0.0,18.0,0.0,-6.763259219504189e+18,10.0,608.0,13.0,150.0
4611686018434775199,Kyle_lks,2019-08-12T14:53:33Z,2.0,7.0,5.0,1.4,14.0,0.4666666666666667,0.0,7.0,0.5,0.35714285714285715,0.42857142857142855,710.0,1.0,17.0,0.0,-6.763259219504189e+18,7.0,519.0,12.0,75.0
4611686018434775199,Kyle_lks,2019-08-12T14:39:35Z,3.0,40.0,15.0,2.6666666666666665,14.0,2.6666666666666665,1.0,18.0,1.2857142857142858,1.0714285714285714,1.1785714285714286,721.0,0.0,17.0,1.0,-6.763259219504189e+18,5.0,716.0,12.0,145.0
4611686018434775199,Kyle_lks,2019-08-12T14:31:06Z,0.0,1.0,1.0,1.0,2.0,0.3333333333333333,0.0,1.0,0.5,0.5,0.5,651.0,1.0,18.0,0.0,-6.763259219504189e+18,318.0,111.0,13.0,57.0
4611686018434775199,Kyle_lks,2019-08-12T14:21:35Z,5.0,17.0,12.0,1.4166666666666667,16.0,1.0,1.0,17.0,1.0625,0.75,0.90625,757.0,0.0,18.0,1.0,-6.763259219504189e+18,12.0,745.0,12.0,95.0
4611686018434775199,Kyle_lks,2019-08-12T14:07:22Z,5.0,21.0,9.0,2.3333333333333335,14.0,1.4,1.0,14.0,1.0,0.6428571428571429,0.8214285714285714,728.0,1.0,17.0,1.0,-6.763259219504189e+18,11.0,717.0,12.0,95.0
4611686018434775199,Kyle_lks,2019-08-12T13:52:49Z,3.0,31.0,13.0,2.3846153846153846,13.0,2.2142857142857144,1.0,16.0,1.2307692307692308,1.0,1.1153846153846154,704.0,0.0,18.0,0.0,-6.763259219504189e+18,7.0,697.0,12.0,151.0
4611686018434775199,Kyle_lks,2019-08-12T13:41:03Z,7.0,15.0,1.0,15.0,14.0,1.0,1.0,8.0,0.5714285714285714,0.07142857142857142,0.32142857142857145,602.0,0.0,18.0,0.0,-6.763259219504189e+18,202.0,400.0,13.0,151.0
4611686018434775199,Kyle_lks,2019-08-12T11:11:57Z,0.0,0.0,0.0,0.0,0.0,0.0,0.0,0.0,0.0,0.0,0.0,497.0,0.0,-1.0,0.0,0.0,2.0,47.0,6.0,0.0
4611686018434775199,Kyle_lks,2019-08-12T11:00:06Z,0.0,1.0,1.0,1.0,11.0,0.08333333333333333,1.0,1.0,0.09090909090909091,0.09090909090909091,0.09090909090909091,516.0,5.0,19.0,0.0,-8.574904797608138e+18,2.0,514.0,6.0,1.0
4611686018434775199,Kyle_lks,2019-08-12T10:50:13Z,1.0,0.0,0.0,0.0,11.0,0.0,1.0,1.0,0.09090909090909091,0.0,0.045454545454545456,475.0,5.0,18.0,0.0,-8.574904797608138e+18,3.0,472.0,6.0,0.0
4611686018434775199,Kyle_lks,2019-08-12T10:39:58Z,0.0,2.0,2.0,1.0,12.0,0.15384615384615385,1.0,2.0,0.16666666666666666,0.16666666666666666,0.16666666666666666,419.0,5.0,19.0,0.0,-8.574904797608138e+18,2.0,417.0,6.0,2.0
4611686018434775199,Kyle_lks,2019-08-12T09:48:26Z,0.0,7.0,7.0,1.0,1.0,3.5,0.0,7.0,7.0,7.0,7.0,691.0,0.0,18.0,1.0,-8.574904797608138e+18,2.0,180.0,8.0,59.0
4611686018434775199,Kyle_lks,2019-08-12T09:37:53Z,4.0,9.0,5.0,1.8,14.0,0.6,1.0,9.0,0.6428571428571429,0.35714285714285715,0.5,567.0,1.0,17.0,0.0,-8.574904797608138e+18,2.0,565.0,8.0,41.0
4611686018434775199,Kyle_lks,2019-08-12T09:23:04Z,4.0,2.0,23.0,0.08695652173913043,12.0,0.15384615384615385,1.0,27.0,2.25,1.9166666666666667,2.0833333333333335,844.0,1.0,17.0,0.0,-8.574904797608138e+18,2.0,842.0,8.0,2.0
4611686018434775199,Kyle_lks,2019-08-12T09:09:09Z,5.0,40.0,21.0,1.9047619047619047,17.0,2.2222222222222223,1.0,26.0,1.5294117647058822,1.2352941176470589,1.3823529411764706,699.0,0.0,18.0,0.0,-8.574904797608138e+18,2.0,697.0,8.0,100.0
4611686018434775199,Kyle_lks,2019-08-12T09:03:07Z,0.0,1.0,3.0,0.3333333333333333,2.0,0.3333333333333333,0.0,3.0,1.5,1.5,1.5,745.0,1.0,17.0,0.0,-8.574904797608138e+18,2.0,272.0,8.0,4.0
4611686018434775199,Kyle_lks,2019-08-12T08:49:47Z,6.0,28.0,15.0,1.8666666666666667,15.0,1.75,1.0,21.0,1.4,1.0,1.2,628.0,1.0,17.0,0.0,-8.574904797608138e+18,2.0,626.0,8.0,69.0
4611686018434775199,Kyle_lks,2019-08-12T08:40:41Z,2.0,38.0,16.0,2.375,3.0,9.5,1.0,18.0,6.0,5.333333333333333,5.666666666666667,440.0,0.0,18.0,0.0,-8.574904797608138e+18,2.0,438.0,8.0,102.0
4611686018434775199,Kyle_lks,2019-08-12T08:26:57Z,12.0,28.0,16.0,1.75,20.0,1.3333333333333333,1.0,28.0,1.4,0.8,1.1,703.0,1.0,17.0,0.0,-8.574904797608138e+18,2.0,701.0,8.0,70.0
4611686018434775199,Kyle_lks,2019-08-12T08:14:40Z,0.0,2.0,9.0,0.2222222222222222,6.0,0.2857142857142857,1.0,9.0,1.5,1.5,1.5,569.0,1.0,18.0,0.0,-8.574904797608138e+18,0.0,569.0,8.0,2.0
4611686018434775199,Kyle_lks,2019-08-12T07:58:30Z,5.0,3.0,16.0,0.1875,13.0,0.21428571428571427,1.0,21.0,1.6153846153846154,1.2307692307692308,1.4230769230769231,896.0,1.0,18.0,0.0,-8.574904797608138e+18,3.0,893.0,8.0,3.0
4611686018434775199,Kyle_lks,2019-08-12T07:45:18Z,4.0,28.0,14.0,2.0,16.0,1.6470588235294117,1.0,18.0,1.125,0.875,1.0,647.0,1.0,18.0,0.0,-8.574904797608138e+18,13.0,634.0,8.0,96.0
4611686018434775199,Kyle_lks,2019-08-12T07:32:43Z,3.0,36.0,18.0,2.0,16.0,2.1176470588235294,1.0,21.0,1.3125,1.125,1.21875,639.0,0.0,18.0,0.0,-8.574904797608138e+18,2.0,637.0,8.0,101.0
4611686018434775199,Kyle_lks,2019-08-12T07:18:16Z,10.0,26.0,16.0,1.625,12.0,2.0,1.0,26.0,2.1666666666666665,1.3333333333333333,1.75,707.0,0.0,17.0,1.0,-8.574904797608138e+18,16.0,691.0,8.0,65.0
4611686018434775199,Kyle_lks,2019-08-12T07:03:06Z,4.0,1.0,13.0,0.07692307692307693,13.0,0.07142857142857142,1.0,17.0,1.3076923076923077,1.0,1.1538461538461537,698.0,1.0,17.0,0.0,-8.574904797608138e+18,2.0,696.0,8.0,1.0
4611686018434775199,Kyle_lks,2019-08-11T18:52:01Z,6.0,24.0,9.0,2.6666666666666665,11.0,2.0,1.0,15.0,1.3636363636363635,0.8181818181818182,1.0909090909090908,607.0,1.0,17.0,0.0,5.820328147174474e+18,3.0,604.0,8.0,68.0
4611686018434775199,Kyle_lks,2019-08-11T18:38:17Z,1.0,4.0,17.0,0.23529411764705882,6.0,0.5714285714285714,1.0,18.0,3.0,2.8333333333333335,2.9166666666666665,554.0,0.0,17.0,0.0,5.820328147174474e+18,0.0,554.0,8.0,4.0
4611686018434775199,Kyle_lks,2019-08-11T18:26:18Z,3.0,38.0,20.0,1.9,14.0,2.533333333333333,1.0,23.0,1.6428571428571428,1.4285714285714286,1.5357142857142858,604.0,0.0,18.0,0.0,5.820328147174474e+18,2.0,602.0,8.0,100.0
4611686018434775199,Kyle_lks,2019-08-11T18:12:14Z,1.0,5.0,9.0,0.5555555555555556,8.0,0.5555555555555556,1.0,10.0,1.25,1.125,1.1875,768.0,1.0,18.0,0.0,5.820328147174474e+18,2.0,766.0,8.0,5.0
4611686018434775199,Kyle_lks,2019-08-11T18:03:36Z,1.0,13.0,5.0,2.6,12.0,1.0,1.0,6.0,0.5,0.4166666666666667,0.4583333333333333,430.0,0.0,17.0,0.0,5.820328147174474e+18,2.0,428.0,8.0,101.0
4611686018434775199,Kyle_lks,2019-08-11T17:48:39Z,2.0,4.0,22.0,0.18181818181818182,9.0,0.4,1.0,24.0,2.6666666666666665,2.4444444444444446,2.5555555555555554,777.0,0.0,17.0,0.0,5.820328147174474e+18,3.0,774.0,8.0,4.0
4611686018434775199,Kyle_lks,2019-08-11T17:41:31Z,0.0,0.0,2.0,0.0,1.0,0.0,1.0,2.0,2.0,2.0,2.0,183.0,0.0,17.0,3.0,5.820328147174474e+18,2.0,181.0,8.0,0.0
4611686018434775199,Kyle_lks,2019-08-11T17:33:47Z,5.0,32.0,12.0,2.6666666666666665,7.0,4.0,1.0,17.0,2.4285714285714284,1.7142857142857142,2.0714285714285716,401.0,0.0,17.0,0.0,5.820328147174474e+18,3.0,398.0,8.0,102.0
4611686018434775199,Kyle_lks,2019-08-11T17:25:59Z,0.0,0.0,4.0,0.0,6.0,0.0,1.0,4.0,0.6666666666666666,0.6666666666666666,0.6666666666666666,434.0,1.0,17.0,0.0,5.820328147174474e+18,3.0,431.0,8.0,0.0
4611686018434775199,Kyle_lks,2019-08-11T17:12:24Z,5.0,18.0,7.0,2.5714285714285716,12.0,1.3846153846153846,1.0,12.0,1.0,0.5833333333333334,0.7916666666666666,667.0,1.0,17.0,0.0,5.820328147174474e+18,0.0,667.0,8.0,45.0
4611686018434775199,Kyle_lks,2019-08-11T16:59:02Z,3.0,4.0,10.0,0.4,10.0,0.36363636363636365,1.0,13.0,1.3,1.0,1.15,663.0,0.0,17.0,0.0,5.820328147174474e+18,0.0,663.0,8.0,4.0
4611686018434775199,Kyle_lks,2019-08-11T16:45:00Z,6.0,36.0,16.0,2.25,14.0,2.4,1.0,22.0,1.5714285714285714,1.1428571428571428,1.3571428571428572,718.0,0.0,17.0,1.0,5.820328147174474e+18,2.0,716.0,8.0,99.0
4611686018434775199,Kyle_lks,2019-08-11T16:33:57Z,3.0,42.0,19.0,2.210526315789474,6.0,6.0,1.0,22.0,3.6666666666666665,3.1666666666666665,3.4166666666666665,533.0,0.0,17.0,0.0,5.820328147174474e+18,3.0,530.0,8.0,101.0
4611686018434775199,Kyle_lks,2019-08-11T16:24:34Z,2.0,31.0,16.0,1.9375,5.0,5.166666666666667,1.0,18.0,3.6,3.2,3.4,517.0,0.0,17.0,0.0,5.820328147174474e+18,0.0,517.0,8.0,101.0
4611686018434775199,Kyle_lks,2019-08-11T16:12:12Z,9.0,30.0,12.0,2.5,9.0,3.0,1.0,21.0,2.3333333333333335,1.3333333333333333,1.8333333333333333,627.0,0.0,17.0,0.0,5.820328147174474e+18,0.0,627.0,8.0,100.0
4611686018434775199,Kyle_lks,2019-08-11T16:03:40Z,0.0,0.0,0.0,0.0,0.0,0.0,0.0,0.0,0.0,0.0,0.0,479.0,0.0,-1.0,0.0,0.0,2.0,79.0,8.0,0.0
4611686018434775199,Kyle_lks,2019-08-11T15:45:00Z,3.0,3.0,3.0,1.0,17.0,0.16666666666666666,1.0,6.0,0.35294117647058826,0.17647058823529413,0.2647058823529412,902.0,1.0,18.0,0.0,9.360354782438309e+17,0.0,902.0,8.0,3.0
4611686018434775199,Kyle_lks,2019-08-11T15:34:36Z,0.0,0.0,0.0,0.0,9.0,0.0,1.0,0.0,0.0,0.0,0.0,507.0,1.0,18.0,0.0,9.360354782438309e+17,2.0,505.0,8.0,0.0
4611686018434775199,Kyle_lks,2019-08-11T15:28:49Z,1.0,2.0,1.0,2.0,0.0,2.0,1.0,2.0,2.0,1.0,1.5,186.0,0.0,18.0,3.0,9.360354782438309e+17,3.0,183.0,8.0,8.0
4611686018434775199,Kyle_lks,2019-08-09T06:28:24Z,9.0,53.0,21.0,2.5238095238095237,4.0,10.6,1.0,30.0,7.5,5.25,6.375,461.0,0.0,18.0,0.0,5.051819488045726e+18,2.0,459.0,8.0,100.0
4611686018434775199,Kyle_lks,2019-08-09T06:13:24Z,4.0,37.0,33.0,1.121212121212121,14.0,2.466666666666667,1.0,37.0,2.642857142857143,2.357142857142857,2.5,663.0,0.0,18.0,0.0,5.051819488045726e+18,3.0,660.0,8.0,75.0
4611686018434775199,Kyle_lks,2019-08-09T05:54:14Z,7.0,4.0,17.0,0.23529411764705882,11.0,0.3333333333333333,1.0,24.0,2.1818181818181817,1.5454545454545454,1.8636363636363635,919.0,0.0,17.0,0.0,5.051819488045726e+18,2.0,917.0,8.0,4.0
4611686018434775199,Kyle_lks,2019-08-09T05:42:24Z,2.0,6.0,14.0,0.42857142857142855,5.0,1.0,1.0,16.0,3.2,2.8,3.0,572.0,0.0,17.0,0.0,5.051819488045726e+18,3.0,569.0,8.0,6.0
4611686018434775199,Kyle_lks,2019-08-09T05:29:59Z,4.0,4.0,12.0,0.3333333333333333,5.0,0.6666666666666666,1.0,16.0,3.2,2.4,2.8,553.0,0.0,17.0,0.0,5.051819488045726e+18,2.0,551.0,8.0,4.0
4611686018434775199,Kyle_lks,2019-08-09T05:17:17Z,1.0,35.0,18.0,1.9444444444444444,3.0,8.75,1.0,19.0,6.333333333333333,6.0,6.166666666666667,515.0,0.0,17.0,0.0,5.051819488045726e+18,3.0,512.0,8.0,101.0
4611686018434775199,Kyle_lks,2019-08-09T05:05:07Z,8.0,39.0,31.0,1.2580645161290323,9.0,3.9,1.0,39.0,4.333333333333333,3.4444444444444446,3.888888888888889,532.0,0.0,17.0,0.0,5.051819488045726e+18,3.0,529.0,8.0,75.0
4611686018434775199,Kyle_lks,2019-08-03T10:23:08Z,2.0,14.0,12.0,1.1666666666666667,10.0,1.2727272727272727,1.0,14.0,1.4,1.2,1.3,589.0,0.0,18.0,0.0,-9.277788461531378e+17,7.0,582.0,13.0,101.0
4611686018434775199,Kyle_lks,2019-08-03T10:11:02Z,4.0,39.0,20.0,1.95,10.0,3.5454545454545454,1.0,24.0,2.4,2.0,2.2,630.0,0.0,18.0,0.0,-9.277788461531378e+17,7.0,623.0,13.0,150.0
4611686018434775199,Kyle_lks,2019-08-03T09:57:19Z,2.0,30.0,16.0,1.875,14.0,2.0,1.0,18.0,1.2857142857142858,1.1428571428571428,1.2142857142857142,729.0,1.0,17.0,1.0,-9.277788461531378e+17,3.0,726.0,15.0,100.0
4611686018434775199,Kyle_lks,2019-08-03T09:45:37Z,1.0,11.0,6.0,1.8333333333333333,9.0,1.1,1.0,7.0,0.7777777777777778,0.6666666666666666,0.7222222222222222,643.0,1.0,17.0,0.0,-9.277788461531378e+17,174.0,469.0,16.0,98.0
4611686018434775199,Kyle_lks,2019-08-02T18:07:52Z,6.0,43.0,14.0,3.0714285714285716,9.0,4.3,1.0,20.0,2.2222222222222223,1.5555555555555556,1.8888888888888888,610.0,0.0,18.0,0.0,1.1503725218317638e+18,13.0,597.0,11.0,152.0
4611686018434775199,Kyle_lks,2019-08-02T17:53:09Z,6.0,31.0,13.0,2.3846153846153846,17.0,1.7222222222222223,1.0,19.0,1.1176470588235294,0.7647058823529411,0.9411764705882353,720.0,1.0,17.0,0.0,1.1503725218317638e+18,6.0,714.0,12.0,121.0
4611686018434775199,Kyle_lks,2019-08-02T10:52:41Z,5.0,27.0,9.0,3.0,14.0,1.8,1.0,14.0,1.0,0.6428571428571429,0.8214285714285714,573.0,0.0,17.0,0.0,2.69783546670146e+18,7.0,566.0,12.0,150.0
4611686018434775199,Kyle_lks,2019-08-02T10:37:37Z,5.0,19.0,14.0,1.3571428571428572,17.0,1.0555555555555556,1.0,19.0,1.1176470588235294,0.8235294117647058,0.9705882352941176,749.0,1.0,18.0,1.0,2.69783546670146e+18,8.0,741.0,13.0,72.0
4611686018434775199,Kyle_lks,2019-08-02T00:47:44Z,4.0,0.0,13.0,0.0,6.0,0.0,0.0,17.0,2.8333333333333335,2.1666666666666665,2.5,599.0,0.0,17.0,0.0,5.846972233511012e+18,10.0,469.0,12.0,150.0
4611686018434775199,Kyle_lks,2019-08-01T23:35:59Z,11.0,22.0,11.0,2.0,8.0,2.4444444444444446,1.0,22.0,2.75,1.375,2.0625,716.0,0.0,18.0,1.0,5.846972233511012e+18,8.0,708.0,13.0,96.0
4611686018434775199,Kyle_lks,2019-08-01T23:21:51Z,5.0,18.0,13.0,1.3846153846153846,17.0,1.0,1.0,18.0,1.0588235294117647,0.7647058823529411,0.9117647058823529,734.0,1.0,17.0,0.0,5.846972233511012e+18,8.0,726.0,12.0,82.0
4611686018434775199,Kyle_lks,2019-08-01T14:59:03Z,7.0,16.0,9.0,1.7777777777777777,17.0,0.8888888888888888,1.0,16.0,0.9411764705882353,0.5294117647058824,0.7352941176470589,727.0,0.0,18.0,1.0,-5.531226976312928e+18,7.0,720.0,12.0,90.0
4611686018434775199,Kyle_lks,2019-08-01T14:45:10Z,5.0,24.0,19.0,1.263157894736842,15.0,1.5,1.0,24.0,1.6,1.2666666666666666,1.4333333333333333,705.0,0.0,18.0,0.0,-5.531226976312928e+18,10.0,695.0,12.0,100.0
4611686018434775199,Kyle_lks,2019-07-31T19:24:09Z,6.0,33.0,16.0,2.0625,12.0,2.5384615384615383,1.0,22.0,1.8333333333333333,1.3333333333333333,1.5833333333333333,762.0,0.0,17.0,1.0,-8.05809220144601e+18,7.0,755.0,12.0,135.0
4611686018434775199,Kyle_lks,2019-07-31T19:10:05Z,8.0,29.0,21.0,1.380952380952381,11.0,2.4166666666666665,1.0,29.0,2.6363636363636362,1.9090909090909092,2.272727272727273,699.0,0.0,17.0,0.0,-8.05809220144601e+18,10.0,689.0,12.0,100.0
4611686018434775199,Kyle_lks,2019-07-30T13:00:30Z,3.0,23.0,10.0,2.3,14.0,1.5333333333333334,1.0,13.0,0.9285714285714286,0.7142857142857143,0.8214285714285714,744.0,0.0,18.0,1.0,4.272151439941343e+18,9.0,735.0,12.0,137.0
4611686018434775199,Kyle_lks,2019-07-30T12:47:15Z,3.0,9.0,6.0,1.5,18.0,0.47368421052631576,1.0,9.0,0.5,0.3333333333333333,0.4166666666666667,595.0,1.0,17.0,0.0,4.272151439941343e+18,6.0,589.0,12.0,76.0
4611686018434775199,Kyle_lks,2019-07-30T12:32:46Z,5.0,16.0,11.0,1.4545454545454546,18.0,0.8421052631578947,1.0,16.0,0.8888888888888888,0.6111111111111112,0.75,697.0,1.0,18.0,0.0,4.272151439941343e+18,6.0,691.0,12.0,78.0
4611686018434775199,Kyle_lks,2019-07-30T12:18:54Z,0.0,2.0,2.0,1.0,10.0,0.18181818181818182,0.0,2.0,0.2,0.2,0.2,713.0,1.0,18.0,1.0,4.272151439941343e+18,179.0,491.0,12.0,63.0
4611686018434775199,Kyle_lks,2019-07-30T12:09:00Z,3.0,20.0,17.0,1.1764705882352942,19.0,1.0,1.0,20.0,1.0526315789473684,0.8947368421052632,0.9736842105263158,707.0,0.0,18.0,1.0,4.272151439941343e+18,3.0,704.0,11.0,89.0
4611686018434775199,Kyle_lks,2019-07-30T11:58:55Z,2.0,12.0,3.0,4.0,2.0,4.0,1.0,5.0,2.5,1.5,2.0,391.0,0.0,18.0,4.0,4.272151439941343e+18,6.0,385.0,12.0,94.0
4611686018434775199,Kyle_lks,2019-07-30T11:45:11Z,2.0,11.0,9.0,1.2222222222222223,13.0,0.7857142857142857,1.0,11.0,0.8461538461538461,0.6923076923076923,0.7692307692307693,727.0,0.0,17.0,1.0,4.272151439941343e+18,7.0,720.0,12.0,80.0
4611686018434775199,Kyle_lks,2019-07-30T11:19:02Z,4.0,34.0,10.0,3.4,11.0,2.8333333333333335,1.0,14.0,1.2727272727272727,0.9090909090909091,1.0909090909090908,717.0,0.0,17.0,0.0,-7.932714287630024e+18,10.0,707.0,12.0,151.0
4611686018434775199,Kyle_lks,2019-07-30T11:03:06Z,9.0,19.0,10.0,1.9,15.0,1.1875,1.0,19.0,1.2666666666666666,0.6666666666666666,0.9666666666666667,742.0,0.0,17.0,1.0,-7.932714287630024e+18,5.0,737.0,13.0,80.0
4611686018434775199,Kyle_lks,2019-07-28T14:03:34Z,7.0,25.0,7.0,3.5714285714285716,17.0,1.3888888888888888,1.0,14.0,0.8235294117647058,0.4117647058823529,0.6176470588235294,679.0,1.0,17.0,0.0,2.1417851217386575e+18,10.0,669.0,12.0,120.0
4611686018434775199,Kyle_lks,2019-07-28T13:47:31Z,9.0,24.0,15.0,1.6,14.0,1.6,1.0,24.0,1.7142857142857142,1.0714285714285714,1.3928571428571428,725.0,0.0,18.0,0.0,2.1417851217386575e+18,10.0,715.0,12.0,100.0
4611686018434775199,Kyle_lks,2019-07-28T13:34:12Z,10.0,23.0,13.0,1.7692307692307692,8.0,2.5555555555555554,1.0,23.0,2.875,1.625,2.25,681.0,0.0,17.0,0.0,2.1417851217386575e+18,7.0,674.0,12.0,100.0
4611686018434775199,Kyle_lks,2019-07-28T10:25:50Z,5.0,27.0,22.0,1.2272727272727273,16.0,1.588235294117647,1.0,27.0,1.6875,1.375,1.53125,751.0,1.0,18.0,1.0,-6.750754801769009e+18,9.0,742.0,12.0,93.0
4611686018434775199,Kyle_lks,2019-07-28T10:18:09Z,3.0,9.0,3.0,3.0,8.0,1.0,1.0,6.0,0.75,0.375,0.5625,327.0,1.0,17.0,4.0,-6.750754801769009e+18,6.0,321.0,14.0,23.0
4611686018434775199,Kyle_lks,2019-07-20T07:20:34Z,3.0,22.0,19.0,1.1578947368421053,11.0,1.8333333333333333,1.0,22.0,2.0,1.7272727272727273,1.8636363636363635,712.0,0.0,18.0,0.0,-3.975966901320355e+18,8.0,704.0,12.0,100.0
4611686018434775199,Kyle_lks,2019-07-20T07:07:00Z,2.0,7.0,5.0,1.4,14.0,0.4666666666666667,1.0,7.0,0.5,0.35714285714285715,0.42857142857142855,698.0,1.0,17.0,0.0,-3.975966901320355e+18,12.0,686.0,12.0,57.0
4611686018434775199,Kyle_lks,2019-07-19T17:58:16Z,4.0,30.0,16.0,1.875,20.0,1.4285714285714286,1.0,20.0,1.0,0.8,0.9,712.0,0.0,18.0,0.0,-4.1084565171851607e+18,10.0,702.0,13.0,150.0
4611686018434775199,Kyle_lks,2019-07-19T17:43:19Z,5.0,19.0,14.0,1.3571428571428572,12.0,1.4615384615384615,1.0,19.0,1.5833333333333333,1.1666666666666667,1.375,738.0,0.0,18.0,1.0,-4.1084565171851607e+18,8.0,730.0,12.0,88.0
4611686018434775199,Kyle_lks,2019-07-19T17:35:46Z,1.0,7.0,5.0,1.4,9.0,0.7,1.0,6.0,0.6666666666666666,0.5555555555555556,0.6111111111111112,334.0,1.0,17.0,4.0,-4.1084565171851607e+18,10.0,324.0,12.0,19.0
4611686018434775199,Kyle_lks,2019-07-18T14:15:48Z,4.0,13.0,9.0,1.4444444444444444,17.0,0.7222222222222222,1.0,13.0,0.7647058823529411,0.5294117647058824,0.6470588235294118,741.0,0.0,18.0,1.0,8.24197247220397e+18,7.0,734.0,12.0,78.0
4611686018434775199,Kyle_lks,2019-07-16T13:27:32Z,7.0,23.0,16.0,1.4375,21.0,1.0454545454545454,1.0,23.0,1.0952380952380953,0.7619047619047619,0.9285714285714286,682.0,1.0,17.0,0.0,-5.637463477384947e+18,6.0,676.0,12.0,72.0
4611686018434775199,Kyle_lks,2019-07-12T04:41:48Z,1.0,24.0,12.0,2.0,10.0,2.1818181818181817,1.0,13.0,1.3,1.2,1.25,730.0,0.0,17.0,0.0,-3.2344686193856927e+18,5.0,725.0,12.0,150.0
4611686018434775199,Kyle_lks,2019-07-10T16:49:12Z,5.0,19.0,14.0,1.3571428571428572,13.0,1.3571428571428572,1.0,19.0,1.4615384615384615,1.0769230769230769,1.2692307692307692,773.0,0.0,18.0,0.0,7.895674369836404e+18,57.0,716.0,13.0,100.0
4611686018434775199,Kyle_lks,2019-07-10T16:34:07Z,1.0,12.0,11.0,1.0909090909090908,22.0,0.5217391304347826,1.0,12.0,0.5454545454545454,0.5,0.5227272727272727,717.0,1.0,17.0,1.0,7.895674369836404e+18,7.0,710.0,12.0,86.0
4611686018434775199,Kyle_lks,2019-07-10T16:20:36Z,0.0,5.0,5.0,1.0,9.0,0.5,1.0,5.0,0.5555555555555556,0.5555555555555556,0.5555555555555556,719.0,1.0,18.0,1.0,7.895674369836404e+18,385.0,334.0,15.0,47.0
4611686018434775199,Kyle_lks,2019-07-10T16:10:43Z,4.0,40.0,17.0,2.3529411764705883,17.0,2.2222222222222223,1.0,21.0,1.2352941176470589,1.0,1.1176470588235294,774.0,0.0,17.0,1.0,7.895674369836404e+18,7.0,767.0,12.0,135.0
4611686018434775199,Kyle_lks,2019-07-09T09:57:41Z,4.0,25.0,21.0,1.1904761904761905,17.0,1.3888888888888888,1.0,25.0,1.4705882352941178,1.2352941176470589,1.3529411764705883,647.0,0.0,18.0,0.0,7.635210572905064e+18,9.0,638.0,12.0,100.0
4611686018434775199,Kyle_lks,2019-07-08T17:14:23Z,9.0,48.0,19.0,2.526315789473684,14.0,3.2,1.0,28.0,2.0,1.3571428571428572,1.6785714285714286,714.0,0.0,17.0,1.0,6.076246642474097e+18,8.0,706.0,15.0,142.0
4611686018434775199,Kyle_lks,2019-07-08T17:00:16Z,1.0,17.0,16.0,1.0625,17.0,0.9444444444444444,1.0,17.0,1.0,0.9411764705882353,0.9705882352941176,709.0,1.0,17.0,0.0,6.076246642474097e+18,3.0,706.0,12.0,84.0
4611686018434775199,Kyle_lks,2019-07-08T16:44:21Z,4.0,15.0,11.0,1.3636363636363635,17.0,0.8333333333333334,1.0,15.0,0.8823529411764706,0.6470588235294118,0.7647058823529411,711.0,1.0,17.0,0.0,6.076246642474097e+18,7.0,704.0,12.0,76.0
4611686018434775199,Kyle_lks,2019-07-08T16:30:34Z,4.0,23.0,10.0,2.3,15.0,1.4375,1.0,14.0,0.9333333333333333,0.6666666666666666,0.8,666.0,0.0,18.0,0.0,6.076246642474097e+18,6.0,660.0,12.0,150.0
4611686018434775199,Kyle_lks,2019-07-03T15:23:47Z,6.0,31.0,16.0,1.9375,15.0,1.9375,1.0,22.0,1.4666666666666666,1.0666666666666667,1.2666666666666666,685.0,1.0,17.0,0.0,-8.802632398496744e+18,13.0,672.0,13.0,116.0
4611686018434775199,Kyle_lks,2019-07-03T15:04:05Z,6.0,16.0,10.0,1.6,16.0,0.9411764705882353,1.0,16.0,1.0,0.625,0.8125,666.0,1.0,18.0,0.0,5.817035492708569e+18,9.0,657.0,12.0,84.0
4611686018434775199,Kyle_lks,2019-06-24T09:14:37Z,0.0,23.0,9.0,2.5555555555555554,16.0,1.3529411764705883,1.0,9.0,0.5625,0.5625,0.5625,692.0,0.0,18.0,1.0,-5.961830753679704e+18,2.0,690.0,12.0,143.0
4611686018434775199,Kyle_lks,2019-06-19T18:11:23Z,1.0,8.0,4.0,2.0,11.0,0.6666666666666666,0.0,5.0,0.45454545454545453,0.36363636363636365,0.4090909090909091,397.0,1.0,18.0,4.0,3.657573028157937e+18,3.0,363.0,11.0,29.0
4611686018434775199,Kyle_lks,2019-06-19T15:40:07Z,2.0,13.0,4.0,3.25,27.0,0.4642857142857143,1.0,6.0,0.2222222222222222,0.14814814814814814,0.18518518518518517,772.0,0.0,17.0,1.0,3.0446623206722186e+18,3.0,769.0,8.0,121.0
4611686018434775199,Kyle_lks,2019-06-19T15:24:52Z,3.0,12.0,9.0,1.3333333333333333,19.0,0.6,1.0,12.0,0.631578947368421,0.47368421052631576,0.5526315789473685,750.0,1.0,18.0,1.0,3.0446623206722186e+18,7.0,743.0,16.0,57.0
4611686018434775199,Kyle_lks,2019-06-19T15:10:29Z,3.0,12.0,7.0,1.7142857142857142,18.0,0.631578947368421,1.0,10.0,0.5555555555555556,0.3888888888888889,0.4722222222222222,659.0,1.0,18.0,0.0,3.0446623206722186e+18,7.0,652.0,12.0,83.0
4611686018434775199,Kyle_lks,2019-06-19T14:56:11Z,5.0,31.0,12.0,2.5833333333333335,17.0,1.7222222222222223,1.0,17.0,1.0,0.7058823529411765,0.8529411764705882,744.0,1.0,18.0,1.0,3.0446623206722186e+18,8.0,736.0,12.0,122.0
4611686018434775199,Kyle_lks,2019-06-19T14:42:08Z,4.0,6.0,5.0,1.2,5.0,1.0,1.0,9.0,1.8,1.0,1.4,629.0,0.0,17.0,0.0,3.0446623206722186e+18,0.0,629.0,8.0,6.0
4611686018434775199,Kyle_lks,2019-06-19T14:34:29Z,0.0,0.0,0.0,0.0,6.0,0.0,0.0,0.0,0.0,0.0,0.0,735.0,1.0,18.0,1.0,3.0446623206722186e+18,6.0,329.0,17.0,58.0
4611686018434775199,Kyle_lks,2019-06-19T13:19:55Z,1.0,17.0,10.0,1.7,15.0,1.0625,1.0,11.0,0.7333333333333333,0.6666666666666666,0.7,640.0,1.0,18.0,0.0,-7.784293422961211e+18,8.0,632.0,13.0,83.0
4611686018434775199,Kyle_lks,2019-06-19T12:51:53Z,5.0,6.0,4.0,1.5,6.0,0.8571428571428571,1.0,9.0,1.5,0.6666666666666666,1.0833333333333333,473.0,0.0,17.0,0.0,-5.848473061853988e+18,0.0,473.0,8.0,6.0
4611686018434775199,Kyle_lks,2019-06-19T12:35:41Z,2.0,2.0,8.0,0.25,15.0,0.125,1.0,10.0,0.6666666666666666,0.5333333333333333,0.6,822.0,1.0,17.0,0.0,-5.848473061853988e+18,2.0,820.0,8.0,2.0
4611686018434775199,Kyle_lks,2019-06-19T12:20:10Z,7.0,20.0,8.0,2.5,16.0,1.1764705882352942,1.0,15.0,0.9375,0.5,0.71875,664.0,1.0,17.0,0.0,-5.848473061853988e+18,7.0,657.0,12.0,118.0
4611686018434775199,Kyle_lks,2019-06-19T12:05:29Z,3.0,7.0,3.0,2.3333333333333335,6.0,1.0,1.0,6.0,1.0,0.5,0.75,628.0,1.0,17.0,0.0,-5.848473061853988e+18,418.0,210.0,13.0,117.0
4611686018434775199,Kyle_lks,2019-06-19T12:00:06Z,3.0,9.0,3.0,3.0,11.0,0.75,1.0,6.0,0.5454545454545454,0.2727272727272727,0.4090909090909091,614.0,1.0,18.0,0.0,-5.848473061853988e+18,35.0,579.0,12.0,52.0
4611686018434775199,Kyle_lks,2019-06-17T11:47:26Z,4.0,31.0,8.0,3.875,1.0,15.5,1.0,12.0,12.0,8.0,10.0,320.0,0.0,18.0,4.0,5.754754013710201e+18,2.0,318.0,10.0,96.0
4611686018434775199,Kyle_lks,2019-06-17T10:59:00Z,1.0,4.0,1.0,4.0,4.0,0.8,0.0,2.0,0.5,0.25,0.375,334.0,1.0,17.0,4.0,5.776813125158524e+16,8.0,313.0,12.0,21.0
4611686018434775199,Kyle_lks,2019-06-17T10:52:04Z,0.0,1.0,0.0,1.0,7.0,0.125,0.0,0.0,0.0,0.0,0.0,411.0,1.0,18.0,4.0,5.776813125158524e+16,7.0,296.0,14.0,28.0
4611686018434775199,Kyle_lks,2019-06-17T10:38:02Z,7.0,11.0,4.0,2.75,9.0,1.1,1.0,11.0,1.2222222222222223,0.4444444444444444,0.8333333333333334,741.0,0.0,17.0,0.0,5.776813125158524e+16,8.0,733.0,14.0,100.0
4611686018434775199,Kyle_lks,2019-06-17T08:04:11Z,4.0,17.0,13.0,1.3076923076923077,17.0,0.9444444444444444,1.0,17.0,1.0,0.7647058823529411,0.8823529411764706,709.0,1.0,18.0,1.0,-4.313059285338085e+16,7.0,702.0,12.0,77.0
4611686018434775199,Kyle_lks,2019-06-17T07:44:58Z,10.0,17.0,7.0,2.4285714285714284,12.0,1.3076923076923077,1.0,17.0,1.4166666666666667,0.5833333333333334,1.0,724.0,0.0,18.0,0.0,-4.313059285338085e+16,7.0,717.0,13.0,100.0
4611686018434775199,Kyle_lks,2019-06-17T07:31:55Z,13.0,39.0,8.0,4.875,15.0,2.4375,1.0,21.0,1.4,0.5333333333333333,0.9666666666666667,684.0,0.0,18.0,0.0,-4.313059285338085e+16,7.0,677.0,13.0,150.0
4611686018434775199,Kyle_lks,2019-06-17T07:15:09Z,5.0,21.0,10.0,2.1,16.0,1.2352941176470589,1.0,15.0,0.9375,0.625,0.78125,739.0,0.0,17.0,0.0,-4.313059285338085e+16,7.0,732.0,12.0,150.0
4611686018434775199,Kyle_lks,2019-06-17T07:00:45Z,4.0,21.0,5.0,4.2,12.0,1.6153846153846154,1.0,9.0,0.75,0.4166666666666667,0.5833333333333334,750.0,0.0,18.0,1.0,-4.313059285338085e+16,7.0,743.0,12.0,121.0
4611686018434775199,Kyle_lks,2019-06-17T06:48:49Z,8.0,32.0,9.0,3.5555555555555554,17.0,1.7777777777777777,1.0,17.0,1.0,0.5294117647058824,0.7647058823529411,624.0,0.0,18.0,0.0,-4.313059285338085e+16,8.0,616.0,12.0,150.0
4611686018434775199,Kyle_lks,2019-06-17T06:34:07Z,12.0,21.0,9.0,2.3333333333333335,14.0,1.4,1.0,21.0,1.5,0.6428571428571429,1.0714285714285714,768.0,1.0,18.0,1.0,-4.313059285338085e+16,13.0,755.0,12.0,77.0
4611686018434775199,Kyle_lks,2019-06-17T06:20:03Z,4.0,20.0,7.0,2.857142857142857,14.0,1.3333333333333333,1.0,11.0,0.7857142857142857,0.5,0.6428571428571429,668.0,1.0,17.0,0.0,-4.313059285338085e+16,7.0,661.0,12.0,82.0
4611686018434775199,Kyle_lks,2019-06-15T11:55:48Z,3.0,10.0,4.0,2.5,14.0,0.6666666666666666,1.0,7.0,0.5,0.2857142857142857,0.39285714285714285,637.0,1.0,17.0,0.0,-6.562986105522618e+18,8.0,629.0,12.0,97.0
4611686018434775199,Kyle_lks,2019-06-15T10:12:41Z,4.0,21.0,10.0,2.1,14.0,1.4,1.0,14.0,1.0,0.7142857142857143,0.8571428571428571,590.0,1.0,17.0,0.0,7.270216485960298e+18,3.0,587.0,8.0,41.0
4611686018434775199,Kyle_lks,2019-06-15T09:59:15Z,5.0,0.0,2.0,0.0,10.0,0.0,1.0,7.0,0.7,0.2,0.45,544.0,1.0,17.0,0.0,7.270216485960298e+18,2.0,542.0,8.0,0.0
4611686018434775199,Kyle_lks,2019-06-15T09:45:41Z,2.0,13.0,11.0,1.1818181818181819,15.0,0.8125,1.0,13.0,0.8666666666666667,0.7333333333333333,0.8,699.0,1.0,17.0,1.0,7.270216485960298e+18,3.0,696.0,8.0,48.0
4611686018434775199,Kyle_lks,2019-06-15T09:35:34Z,3.0,1.0,2.0,0.5,8.0,0.1111111111111111,1.0,5.0,0.625,0.25,0.4375,471.0,1.0,17.0,0.0,7.270216485960298e+18,0.0,471.0,8.0,1.0
4611686018434775199,Kyle_lks,2019-06-15T09:20:24Z,5.0,4.0,6.0,0.6666666666666666,10.0,0.36363636363636365,1.0,11.0,1.1,0.6,0.85,753.0,0.0,17.0,0.0,7.270216485960298e+18,2.0,751.0,8.0,4.0
4611686018434775199,Kyle_lks,2019-06-15T09:06:49Z,4.0,25.0,9.0,2.7777777777777777,18.0,1.3157894736842106,1.0,13.0,0.7222222222222222,0.5,0.6111111111111112,668.0,1.0,17.0,0.0,7.270216485960298e+18,2.0,666.0,8.0,60.0
4611686018434775199,Kyle_lks,2019-06-15T08:56:26Z,3.0,6.0,3.0,2.0,5.0,1.0,1.0,6.0,1.2,0.6,0.9,490.0,0.0,18.0,0.0,7.270216485960298e+18,2.0,488.0,8.0,6.0
4611686018434775199,Kyle_lks,2019-06-15T08:39:09Z,7.0,22.0,15.0,1.4666666666666666,16.0,1.2941176470588236,1.0,22.0,1.375,0.9375,1.15625,698.0,1.0,18.0,1.0,7.270216485960298e+18,2.0,696.0,8.0,54.0
4611686018434775199,Kyle_lks,2019-06-15T08:27:53Z,3.0,27.0,12.0,2.25,16.0,1.588235294117647,1.0,15.0,0.9375,0.75,0.84375,577.0,0.0,17.0,0.0,7.270216485960298e+18,2.0,575.0,8.0,100.0
4611686018434775199,Kyle_lks,2019-06-15T08:12:06Z,7.0,25.0,6.0,4.166666666666667,13.0,1.7857142857142858,1.0,13.0,1.0,0.46153846153846156,0.7307692307692307,734.0,0.0,17.0,1.0,7.270216485960298e+18,7.0,727.0,12.0,124.0
4611686018434775199,Kyle_lks,2019-06-15T07:57:30Z,7.0,16.0,9.0,1.7777777777777777,20.0,0.7619047619047619,1.0,16.0,0.8,0.45,0.625,764.0,1.0,17.0,1.0,7.270216485960298e+18,8.0,756.0,15.0,79.0
4611686018434775199,Kyle_lks,2017-11-29T07:47:09Z,4.0,10.0,6.0,1.6666666666666667,12.0,0.7692307692307693,1.0,10.0,0.8333333333333334,0.5,0.6666666666666666,551.0,1.0,16.0,1.0,-6.533809376782667e+18,3.0,548.0,8.0,34.0
4611686018434775199,Kyle_lks,2017-11-29T07:42:11Z,0.0,0.0,0.0,0.0,1.0,0.0,0.0,0.0,0.0,0.0,0.0,539.0,1.0,16.0,0.0,7.557256889965708e+18,3.0,168.0,9.0,58.0
4611686018434775199,Kyle_lks,2017-11-29T07:29:53Z,0.0,12.0,5.0,2.4,10.0,1.0909090909090908,1.0,5.0,0.5,0.5,0.5,484.0,1.0,17.0,0.0,7.557256889965708e+18,3.0,481.0,8.0,46.0
4611686018434775199,Kyle_lks,2017-11-29T07:18:23Z,5.0,15.0,10.0,1.5,13.0,1.0714285714285714,1.0,15.0,1.1538461538461537,0.7692307692307693,0.9615384615384616,556.0,1.0,17.0,1.0,7.557256889965708e+18,3.0,553.0,8.0,47.0
4611686018434775199,Kyle_lks,2017-11-29T06:56:47Z,1.0,10.0,5.0,2.0,11.0,0.8333333333333334,1.0,6.0,0.5454545454545454,0.45454545454545453,0.5,544.0,1.0,16.0,0.0,7.557256889965708e+18,177.0,367.0,9.0,57.0
4611686018434775199,Kyle_lks,2017-11-29T06:50:23Z,3.0,32.0,13.0,2.4615384615384617,9.0,3.2,1.0,16.0,1.7777777777777777,1.4444444444444444,1.6111111111111112,515.0,0.0,17.0,0.0,7.557256889965708e+18,3.0,512.0,9.0,71.0
4611686018434775199,Kyle_lks,2017-11-29T06:39:24Z,1.0,11.0,7.0,1.5714285714285714,17.0,0.6111111111111112,1.0,8.0,0.47058823529411764,0.4117647058823529,0.4411764705882353,557.0,1.0,17.0,1.0,7.557256889965708e+18,3.0,554.0,8.0,62.0
4611686018434775199,Kyle_lks,2017-11-29T06:28:43Z,5.0,11.0,6.0,1.8333333333333333,11.0,0.9166666666666666,1.0,11.0,1.0,0.5454545454545454,0.7727272727272727,553.0,1.0,16.0,1.0,7.557256889965708e+18,3.0,550.0,8.0,36.0
4611686018434775199,Kyle_lks,2017-11-29T06:18:02Z,1.0,4.0,3.0,1.3333333333333333,4.0,0.8,1.0,4.0,1.0,0.75,0.875,568.0,0.0,16.0,1.0,7.557256889965708e+18,381.0,187.0,9.0,37.0
4611686018434775199,Kyle_lks,2017-11-29T06:14:22Z,5.0,22.0,17.0,1.2941176470588236,11.0,1.8333333333333333,1.0,22.0,2.0,1.5454545454545454,1.7727272727272727,557.0,0.0,16.0,1.0,7.557256889965708e+18,0.0,557.0,8.0,50.0
4611686018434775199,Kyle_lks,2017-11-29T06:02:44Z,0.0,5.0,5.0,1.0,10.0,0.45454545454545453,1.0,5.0,0.5,0.5,0.5,553.0,1.0,16.0,1.0,7.557256889965708e+18,3.0,550.0,8.0,33.0
4611686018434775199,Kyle_lks,2017-11-29T05:50:57Z,4.0,9.0,5.0,1.8,14.0,0.6,1.0,9.0,0.6428571428571429,0.35714285714285715,0.5,565.0,1.0,16.0,1.0,7.557256889965708e+18,3.0,562.0,8.0,39.0
4611686018434775199,Kyle_lks,2017-11-28T11:32:25Z,8.0,33.0,15.0,2.2,15.0,2.0625,1.0,23.0,1.5333333333333334,1.0,1.2666666666666666,553.0,0.0,16.0,1.0,-4.673341874395469e+18,0.0,553.0,8.0,85.0
4611686018434775199,Kyle_lks,2017-11-28T11:25:24Z,0.0,0.0,0.0,0.0,0.0,0.0,1.0,0.0,0.0,0.0,0.0,330.0,1.0,17.0,4.0,-4.673341874395469e+18,294.0,36.0,9.0,7.0
4611686018434775199,Kyle_lks,2017-11-28T11:21:35Z,5.0,35.0,15.0,2.3333333333333335,6.0,5.0,1.0,20.0,3.3333333333333335,2.5,2.9166666666666665,436.0,0.0,16.0,0.0,-4.673341874395469e+18,0.0,436.0,8.0,70.0
4611686018434775199,Kyle_lks,2017-11-28T11:11:45Z,4.0,18.0,6.0,3.0,8.0,2.0,1.0,10.0,1.25,0.75,1.0,521.0,0.0,17.0,0.0,-4.673341874395469e+18,3.0,518.0,10.0,70.0
4611686018434775199,Kyle_lks,2017-11-28T10:39:48Z,3.0,17.0,7.0,2.4285714285714284,11.0,1.4166666666666667,1.0,10.0,0.9090909090909091,0.6363636363636364,0.7727272727272727,549.0,1.0,17.0,1.0,5.906813580934557e+18,3.0,546.0,8.0,50.0
4611686018434775199,Kyle_lks,2017-11-28T10:30:45Z,1.0,30.0,14.0,2.142857142857143,9.0,3.0,1.0,15.0,1.6666666666666667,1.5555555555555556,1.6111111111111112,445.0,0.0,17.0,0.0,5.906813580934557e+18,0.0,445.0,8.0,70.0
4611686018434775199,Kyle_lks,2017-11-26T19:34:15Z,7.0,12.0,5.0,2.4,10.0,1.0909090909090908,1.0,12.0,1.2,0.5,0.85,549.0,0.0,17.0,1.0,-5.481588254555068e+18,104.0,445.0,9.0,49.0
4611686018434775199,Kyle_lks,2017-11-26T19:26:00Z,6.0,16.0,10.0,1.6,13.0,1.1428571428571428,1.0,16.0,1.2307692307692308,0.7692307692307693,1.0,552.0,1.0,17.0,1.0,-5.481588254555068e+18,3.0,549.0,9.0,43.0
4611686018434775199,Kyle_lks,2017-11-26T19:13:49Z,5.0,9.0,4.0,2.25,12.0,0.6923076923076923,1.0,9.0,0.75,0.3333333333333333,0.5416666666666666,579.0,1.0,17.0,1.0,-5.481588254555068e+18,3.0,576.0,8.0,35.0
4611686018434775199,Kyle_lks,2017-11-24T15:00:34Z,1.0,0.0,6.0,0.0,11.0,0.0,1.0,7.0,0.6363636363636364,0.5454545454545454,0.5909090909090909,579.0,1.0,17.0,0.0,-2.2629627368880302e+18,3.0,576.0,8.0,0.0
4611686018434775199,Kyle_lks,2017-11-24T14:47:03Z,1.0,1.0,9.0,0.1111111111111111,14.0,0.06666666666666667,1.0,10.0,0.7142857142857143,0.6428571428571429,0.6785714285714286,747.0,1.0,17.0,1.0,-2.2629627368880302e+18,2.0,745.0,8.0,1.0
4611686018434775199,Kyle_lks,2017-11-24T14:33:54Z,2.0,9.0,4.0,2.25,6.0,1.2857142857142858,1.0,6.0,1.0,0.6666666666666666,0.8333333333333334,380.0,1.0,17.0,0.0,-2.2629627368880302e+18,134.0,246.0,8.0,22.0
4611686018434775199,Kyle_lks,2017-11-24T14:19:37Z,0.0,6.0,5.0,1.2,8.0,0.6666666666666666,1.0,5.0,0.625,0.625,0.625,332.0,1.0,17.0,4.0,-2.2629627368880302e+18,3.0,329.0,8.0,9.0
4611686018434775199,Kyle_lks,2017-11-24T14:14:26Z,1.0,3.0,1.0,3.0,9.0,0.3,1.0,2.0,0.2222222222222222,0.1111111111111111,0.16666666666666666,261.0,1.0,16.0,4.0,-2.2629627368880302e+18,3.0,258.0,9.0,6.0
4611686018434775199,Kyle_lks,2017-11-24T14:04:05Z,2.0,7.0,5.0,1.4,4.0,1.4,1.0,7.0,1.75,1.25,1.5,552.0,1.0,16.0,1.0,-2.2629627368880302e+18,326.0,226.0,7.0,27.0
4611686018434775199,Kyle_lks,2017-11-24T13:59:48Z,2.0,27.0,15.0,1.8,15.0,1.6875,1.0,17.0,1.1333333333333333,1.0,1.0666666666666667,511.0,1.0,17.0,0.0,-2.2629627368880302e+18,2.0,509.0,8.0,50.0
4611686018434775199,Kyle_lks,2017-11-24T13:51:44Z,0.0,2.0,1.0,2.0,9.0,0.2,1.0,1.0,0.1111111111111111,0.1111111111111111,0.1111111111111111,256.0,1.0,16.0,4.0,-2.2629627368880302e+18,0.0,256.0,8.0,3.0
4611686018434775199,Kyle_lks,2017-11-24T13:42:53Z,5.0,24.0,7.0,3.4285714285714284,8.0,2.6666666666666665,1.0,12.0,1.5,0.875,1.1875,466.0,0.0,17.0,0.0,-2.2629627368880302e+18,3.0,463.0,8.0,70.0
4611686018434775199,Kyle_lks,2017-11-24T13:34:02Z,6.0,8.0,0.0,8.0,12.0,0.6153846153846154,1.0,6.0,0.5,0.0,0.25,436.0,1.0,17.0,0.0,-2.2629627368880302e+18,3.0,433.0,8.0,39.0
4611686018434775199,Kyle_lks,2017-11-24T09:10:38Z,3.0,20.0,17.0,1.1764705882352942,7.0,2.5,1.0,20.0,2.857142857142857,2.4285714285714284,2.642857142857143,549.0,0.0,16.0,1.0,3.2965005746823096e+18,0.0,549.0,8.0,47.0
4611686018434775199,Kyle_lks,2017-11-22T10:35:06Z,0.0,1.0,0.0,1.0,7.0,0.125,1.0,0.0,0.0,0.0,0.0,245.0,1.0,16.0,4.0,-4.883110160667716e+18,3.0,242.0,9.0,4.0
4611686018434775199,Kyle_lks,2017-11-02T09:01:46Z,1.0,12.0,4.0,3.0,10.0,1.0909090909090908,1.0,5.0,0.5,0.4,0.45,563.0,1.0,16.0,1.0,8.141367903797564e+17,217.0,346.0,13.0,32.0
4611686018434775199,Kyle_lks,2017-11-02T08:13:49Z,7.0,41.0,17.0,2.411764705882353,14.0,2.7333333333333334,1.0,24.0,1.7142857142857142,1.2142857142857142,1.4642857142857142,566.0,0.0,17.0,1.0,8.141367903797564e+17,3.0,563.0,8.0,96.0
4611686018434775199,Kyle_lks,2017-11-02T08:02:36Z,6.0,12.0,11.0,1.0909090909090908,15.0,0.75,1.0,17.0,1.1333333333333333,0.7333333333333333,0.9333333333333333,545.0,0.0,16.0,1.0,8.141367903797564e+17,3.0,542.0,8.0,33.0
4611686018434775199,Kyle_lks,2017-11-01T16:13:54Z,4.0,11.0,11.0,1.0,14.0,0.7333333333333333,1.0,15.0,1.0714285714285714,0.7857142857142857,0.9285714285714286,547.0,1.0,16.0,1.0,-7.582399641486132e+18,3.0,544.0,8.0,25.0
4611686018434775199,Kyle_lks,2017-11-01T16:02:29Z,6.0,14.0,8.0,1.75,14.0,0.9333333333333333,1.0,14.0,1.0,0.5714285714285714,0.7857142857142857,544.0,1.0,17.0,1.0,-7.582399641486132e+18,3.0,541.0,8.0,32.0
4611686018434775199,Kyle_lks,2017-10-26T18:01:10Z,2.0,8.0,5.0,1.6,15.0,0.5,1.0,7.0,0.4666666666666667,0.3333333333333333,0.4,559.0,0.0,17.0,1.0,2.9433183968370524e+18,3.0,556.0,8.0,44.0
4611686018434775199,Kyle_lks,2017-10-26T17:50:54Z,1.0,3.0,0.0,3.0,6.0,0.42857142857142855,0.0,1.0,0.16666666666666666,0.0,0.08333333333333333,489.0,1.0,16.0,0.0,2.9433183968370524e+18,3.0,281.0,10.0,31.0
4611686018434775199,Kyle_lks,2017-10-26T17:39:59Z,3.0,19.0,8.0,2.375,17.0,1.0555555555555556,1.0,11.0,0.6470588235294118,0.47058823529411764,0.5588235294117647,547.0,1.0,16.0,0.0,2.9433183968370524e+18,3.0,544.0,8.0,70.0
4611686018434775199,Kyle_lks,2017-10-26T17:29:32Z,3.0,9.0,12.0,0.75,14.0,0.6,1.0,15.0,1.0714285714285714,0.8571428571428571,0.9642857142857143,575.0,1.0,17.0,1.0,2.9433183968370524e+18,3.0,572.0,8.0,28.0
4611686018434775199,Kyle_lks,2017-10-26T09:58:36Z,9.0,16.0,7.0,2.2857142857142856,15.0,1.0,1.0,16.0,1.0666666666666667,0.4666666666666667,0.7666666666666667,546.0,1.0,16.0,1.0,-2.99223858889751e+17,3.0,543.0,8.0,34.0
4611686018434775199,Kyle_lks,2017-10-26T09:47:52Z,4.0,13.0,5.0,2.6,14.0,0.8666666666666667,1.0,9.0,0.6428571428571429,0.35714285714285715,0.5,595.0,0.0,16.0,0.0,-2.99223858889751e+17,3.0,592.0,8.0,100.0
4611686018434775199,Kyle_lks,2017-10-26T09:36:23Z,4.0,15.0,11.0,1.3636363636363635,16.0,0.8823529411764706,1.0,15.0,0.9375,0.6875,0.8125,569.0,1.0,16.0,1.0,-2.99223858889751e+17,3.0,566.0,8.0,37.0
4611686018434775199,Kyle_lks,2017-10-26T09:25:05Z,7.0,22.0,15.0,1.4666666666666666,10.0,2.0,1.0,22.0,2.2,1.5,1.85,555.0,0.0,17.0,1.0,-2.99223858889751e+17,3.0,552.0,9.0,53.0
4611686018434775199,Kyle_lks,2017-10-26T09:15:04Z,1.0,26.0,13.0,2.0,10.0,2.3636363636363638,1.0,14.0,1.4,1.3,1.35,554.0,0.0,17.0,1.0,-2.99223858889751e+17,3.0,551.0,8.0,73.0
4611686018434775199,Kyle_lks,2017-10-26T08:49:45Z,7.0,4.0,8.0,0.5,10.0,0.36363636363636365,1.0,15.0,1.5,0.8,1.15,737.0,0.0,16.0,0.0,-2.99223858889751e+17,2.0,735.0,8.0,4.0
4611686018434775199,Kyle_lks,2017-10-26T08:33:40Z,4.0,0.0,12.0,0.0,11.0,0.0,1.0,16.0,1.4545454545454546,1.0909090909090908,1.2727272727272727,703.0,1.0,16.0,0.0,-2.99223858889751e+17,3.0,700.0,8.0,0.0
4611686018434775199,Kyle_lks,2017-10-26T04:57:29Z,3.0,4.0,1.0,4.0,17.0,0.2222222222222222,1.0,4.0,0.23529411764705882,0.058823529411764705,0.14705882352941177,568.0,1.0,17.0,1.0,-2.99223858889751e+17,3.0,565.0,8.0,27.0
4611686018434775199,Kyle_lks,2017-10-26T04:47:05Z,2.0,5.0,3.0,1.6666666666666667,15.0,0.3125,1.0,5.0,0.3333333333333333,0.2,0.26666666666666666,555.0,1.0,16.0,1.0,-2.99223858889751e+17,3.0,552.0,9.0,31.0
4611686018434775199,Kyle_lks,2017-09-07T11:00:26Z,0.0,1.0,1.0,1.0,3.0,0.25,0.0,1.0,0.3333333333333333,0.3333333333333333,0.3333333333333333,563.0,1.0,17.0,1.0,-4.923644777699718e+18,3.0,199.0,8.0,8.0
4611686018434775199,Kyle_lks,2017-09-07T10:49:55Z,1.0,8.0,10.0,0.8,15.0,0.5,1.0,11.0,0.7333333333333333,0.6666666666666666,0.7,546.0,1.0,16.0,1.0,-4.923644777699718e+18,3.0,543.0,8.0,33.0
